abbreviera,abbreviate
abdikera,abdicate
abducera,abduct
aberrera,do
abonnera,subscribe
abortera,abort
abradera,abrade
absentera,do
absolvera,absolve
absorbera,absorb
abstrahera,abstract
accelerera,accelerate
accentuera,accentuate
acceptera,accept
acklimatisera,acclimatize
ackommodera,accommodate
ackompanjera,accompany
ackordera,accompany
ackreditera,accompany
ackumulera,accumulate
ackvirera,procure
adaptera,adapt
adda,adapt
addera,add
adducera,do
adjungera,adjoin
adla,knight
administrera,knight
admittera,do
adoptera,adopt
adressera,address
adsorbera,adsorb
aducera,anneal
advocera,practice the law
affirmera,affirm
affischera,put up poster
afgifva,do
afgå,do
aflifva,do
afrätta,do
afse,do
afskrifva,do
afsky,do
aga,do
agera,act
agglutinera,agglutinate
aggregera,aggregate
agitera,agitate
agna,bait
ajournera,adjourn
akta,adjourn
aktersegla,do
aktivera,activate
aktualisera,refresh
alarmera,alarm
alliera,ally
allitterera,alliterate
allmänbilda,general form
allokera,general form
alludera,allude
alstra,allude
alt-tabba,do
alternera,alternate
aluminera,aluminize
ambulera,ambulate
amma,nurse
amortera,amortise
amortisera,do
amplifiera,amplify
amputera,amputate
amusera,amuse
ana,have a feeling
analysera,analyse
anamma,analyse
anbefalla,analyse
anbelanga,analyse
anbringa,analyse
andas,breathe
andra,present
anfalla,attack
anfäkta,attack
anföra,adduce
anförtro,entrust
ange,snitch
angifva,inform against
angiva,denounce
angla,angle
anglifiera,anglify
anglisera,anglify
angripa,attack
angå,entrust
angöra,dock
anhålla,bring the
anhängiggöra,bring the
animera,animate
anklaga,accuse
ankomma,arrive
ankra,arrive
anlita,arrive
anlägga,establish
anlända,arrive
anlöpa,call at
anmoda,do
anmäla,call at
anmärka,do
annektera,annex
annihilera,annihilate
annonsera,annihilate
annotera,annihilate
annullera,annul
anolja,lubricate
anordna,lubricate
anpassa,adjust
anrika,enrich
anropa,call
anrätta,cook
ansa,prune
anse,prune
anskaffa,obtain
ansluta,obtain
anslå,announce
anspela,allude
anstränga,do
anstå,do
anställa,hire
ansvara,do
ansätta,prune
ansöka,obtain
anta,accept
antaga,assume
antasta,importune
antecipera,set fire to
anteckna,note
antedatera,note
antichambrera,wait for an audience
antikisera,do
antikvera,antiquate
anträda,begin
antvarda,begin
antyda,indicate
antända,set fire to
anvisa,assign
använda,use
apa,monkey
apostrofera,do
appellativisera,do
appellera,do
applicera,applaud
applådera,applaud
apportera,applaud
appreciera,appreciate
appretera,finish
approbera,do
approchera,approach
approximera,approximate
aptera,do
arabisera,do
arbeta,work
argumentera,argue
arkaisera,do
arkebusera,do
arkivera,file
armbåga,elbow
armera,reinforce
arra,do
arrangera,arrange
arrendera,rent
arrestera,rent
arrondera,rent
arta,rent
artas,do
artbestämma,determine which species an individual
artikulera,enunciate
asa,do
asgarva,split sides
aska,do
aspirera,aspire
assignera,do
assimilera,do
assistera,assist
associera,associate
assurera,insure
atombomba,nuke
atrofiera,atrophy
attacha,do
attackera,attack
attestera,attest
attrahera,attract
attribuera,do
attributera,do
auktionera,do
auktorisera,do
auskultera,do
autentisera,authenticate
automatisera,automate
autotypera,do
ava,announce a song
avaktivera,deactivate
avancera,advance
avannonsera,announce a song
avbevaka,unwatch
avbida,do
avbilda,depict
avboka,depict
avbryta,interrupt
avböja,deflect
avdela,interrupt
avdramatisera,interrupt
avdunsta,evaporate
avfalla,transgress
avfyra,remove
avfärda,dismiss
avföra,remove
avge,emit
avgiva,give
avgränsa,give
avguda,worship
avgå,depart
avgöra,give
avhandla,worship
avhemliga,do
avhysa,do
avhålla,refrain
avhända,dispose
avhärvla,reel off
avinstallera,uninstall
avisa,deice
avisera,notify
avkoda,decode
avkomma,do
avkryptera,decrypt
avkräva,emasculate
avköna,emasculate
avla,breed
avleda,derive
avlida,pass away
avliva,pass away
avlukta,do
avlyssna,do
avlägga,complete
avlägsna,remove
avlänka,unlink
avlära,do
avlösa,change
avmäta,mete
avmönstra,sign off
avnjuta,sign off
avreagera,discourage
avregistrera,unregister
avresa,depart
avrunda,round
avråda,discourage
avrätta,execute
avse,intend
avskaffa,abolish
avskeda,fire
avskilja,fire
avskriva,copy
avskräcka,fire
avsky,loathe
avskärma,screen
avsluta,end
avslå,reject
avslöja,unveil
avsomna,do
avspegla,do
avspärra,do
avstava,hyphenate
avstyra,avert
avstå,disclaim
avsyna,inspect
avsäga,round
avsända,round
avsätta,produce
avsöndra,do
avta,decrease
avtacka,decrease
avtaga,abate
avtala,agree
avtjäna,serve a term in prison
avträda,agree
avundas,envy
avvakta,await
avvara,do
avveckla,terminate
avverka,terminate
avvika,deviate
avvisa,reject
avvittra,erode
avvänja,wean
avväpna,disarm
avvärja,avert
avyttra,erode
axa,do
axla,shoulder
babbla,do
backa,do
bada,bathe
bagatellisera,bathe
baila,do
baja,do
bajsa,poop
bajta,do
baka,bake
bakdanta,backbite
baktala,slander
balansera,slander
balkanisera,slander
ballotera,ballot
balsamera,embalm
bana,orbit
banda,do
banga,do
banka,knock
bankettera,banquet
banna,banquet
banta,diet
barbera,do
bardera,do
barhoppa,do
barka,remove the bark from a
barnförbjuda,do
barnsla,do
barra,do
barrikadera,do
basa,do
basera,do
basta,do
basunera,announce loud and widely
baxa,do
baxna,do
be,ask
beakta,consider
bearbeta,work
bebo,inhabit
becka,do
beckna,do
bedarra,do
bedja,pray
bedra,deceive
bedraga,deceive
bedriva,run
bedröva,run
bedyra,assert
bedåra,charm
bedöma,judge
bedöva,numb
beediga,swear
befalla,order
befara,be afraid
befatta,be afraid
befinna,be located
befjädra,feather
befolka,feather
befordra,feather
befria,free
befrukta,free
befråga,send inquiry accommodation
befästa,fortify
begabba,mock
begagna,use
bege,use
begiva,get thee
begrava stridsyxan,bury the hatchet
begrava,bury
begripa,understand
begrunda,consider
begränsa,limit
begynna,begin
begå,use
begära,use
behaga,please
behandla,handle
behjärta,do
behålla,keep
behäfta,do
behärska,control
behöfva,do
behöva,need
bejaka,need
bekanta,need
beklaga,complain
bekläda,complain
bekomma,bother
bekosta,complain
bekransa,wreathe
bekriga,war against
bekräfta,confirm
bekymra,worry
bekämpa,need
bekänna,confess
belacka,slander
belamra,clutter
belasta,clutter
bele,do
beledsaga,do
beligga,do
belysa,reward
belägga,clutter
belöna,reward
bemanna,reward
bemästra,master
bemöda,endeavor
bemöta,endeavor
bena,endeavor
benämna,term
beordra,order
bepansra,fortify
bepryda,adorn
bepröva,try
bereda,justify
berika,justify
beriktiga,justify
bero,depend
beropa,do
berusa,bereave
beräkna,compute
berätta,tell
berättiga,justify
berömma,eulogise
beröra,eulogise
beröva,bereave
besanna,come true
besannas,do
bese,watch
besegla,watch
besegra,defeat
besikta,defeat
besiktiga,defeat
besinna,ponder
besitta,possess
besjäla,animate
beskatta,animate
beskjuta,shell
besko,do
beskratta,do
beskrifva,describe
beskriva,describe
beskugga,shade
beskydda,shade
beskylla,accuse
beskåda,animate
beskära,animate
beslagta,confiscate
besluta,decide
beslå,furl
besova,do
bespara,visit
bespisa,feed
bespruta,feed
besticka,bribe
bestiga,mount
bestjäla,mount
bestraffa,punish
bestrida,irradiate
bestråla,irradiate
beströ,irradiate
bestycka,irradiate
bestyrka,irradiate
bestå,consist
beställa,order
bestämma,decide
besudla,besmirch
besvara,reply
besvika,disappoint
besvära,bother
besvärja,bother
besy,do
beså,sow
besätta,occupy
besöka,visit
beta,bet
betacka,do
betala,pay
bete,behave
beteckna,designate
betinga,designate
betitla,do
betjäna,serve
betona,stress
betrakta,consider
beträda,consider
beträffa,pertain
betsla,pertain
betta,bet
bettla,beg
betunga,burden
betvinga,do
betvivla,doubt
betvå,do
betyda,mean
betyga,mean
betygsätta,rate
betynga,burden
betäcka,pay
betänka,do
beundra,admire
bevaka,guard
bevara,preserve
beveka,move
bevilja,move
bevisa,prove
bevista,attend
bevittna,witness
bevända,do
beväpna,arm
bevära,do
bibringa,impart
bida,impart
bidra,contribute
bidraga,contribute
bifalla,approve
bifoga,approve
bikta,approve
bila,approve
bilda,educate
bilägga,approve
binda,pin
binomialutveckla,do
bispringa,succor
bissera,give over again
bisträcka,do
bistå,give over again
bisätta,bit stuffing
bita,bite
bitas,bite
biträda,assist
bjucka,do
bjuda,offer
bjussa,do
bjäbba,yelp
bjästa,do
blada,do
blamera,do
blanchera,blanch
blanda,mix
blanka,do
blasera,do
bleka,bleach
blekna,turn
blessera,turn
bli,become
blicka,look
blidka,appease
blifva,become
blinka,become
bliva,become
blixtra,become
bloa,do
blockera,block
bloga,bleed
blogga,blog
blomma,flower
blommografera,do
blomstra,do
blondera,lighten
blota,sacrifice
blotta,expose
bluddra,do
bluffa,bluff
blunda,shut eyes
blundra,do
blygas,be ashamed
blåkopiera,blueprint
blåna,blueprint
blåneka,do
blåsa upp,inflate
blåsa,blow
bläddra,leaf
blända,leaf
blänga,leaf
blänka,leaf
blästra,blast
blöda,bleed
blöta,wet
blötna,do
bo,nest
boasera,panel
bocka,bow
bogsera,tow
bojkotta,boycott
boka,book
bokföra,book
bokstavera,spell out
bolagisera,unbundle
bolla,bounce
bolma,bounce
bolstra,do
bomba,do
bombardera,do
bombhota,bomb threaten
bomma,cadge
bona,wax
bonda,bond
bonga,do
bonitera,do
bonna,do
boosta,boost
borda,board
bordlägga,postpone
borga,postpone
bornera,do
borra,drill
borsta,drill
bortkasta,throw away
bortse,disregard
bortslänga,throw away
bortta,remove
bosätta,throw away
bota,cure
botanisera,botanize
bottenfiska,ground fish
bottna,bottom
bowla,bowl
boxa,bowl
boxas,bowl
braita,do
braka,do
brandskatta,plunder
braska,do
brassa,brace
bravera,do
bre,fight
breakdansa,breakdance
breda,spread
bredda,spread
briljera,spread
bringa,bring
brinna,burn
brisera,do
brista,break
broa,do
brolägga,pave
bromsa,slow down
bronsera,breaststroke
brotta,wrestle
brottas,wrestle
bruka,wrestle
brunka,do
brusa,do
brutalisera,brutalize
bry,brutalize
brygga,brew
bryna,brown
bryta,refract
brådska,braise
bråka,fight
bräcka,do
bräda,board
brädda,board
brädfodra,do
bräka,baa
bränna,baa
brännmärka,baa
bräsera,braise
bröa,sprinkle with crumbs
bubbla,bubble
buda,do
buffa,do
buga,bend
bugga,bug
bukta,curve
bullra,curve
bulna,fester
bulta,fester
bunkra,fester
bunta,bundle
burka,do
busa,do
busköra,do
bussa,bus
busvissla,do
buteljera,bottle
butta,do
bygga bo,build a nest
bygga,build
byka,wash
bysätta,do
byta,change
båda,do
bågna,do
båta,do
bäckna,do
bädda,make
bäla,do
bänka,seat
bära,wear
bärga,salvage
bärsa,salvage
bättra,improve
bäva,tremble
böga,do
böja,inflect
böla,cry
bölja,wave
böna,bean
böra,do
börda,do
börja,begin
börna,do
bösta,do
böta,do
bötfälla,do
calla,call
campa,camp
carpa,do
casha,cash
cedera,cede
celebrera,cede
censurera,censor
centra,do
centralisera,do
centrera,do
centrifugera,do
changera,do
chansa,do
chargera,do
charma,charm
charmera,enamor
chartra,charter
chatta,charter
checka,check
chiffrera,check
chikanera,check
chilla,chill out
chimpa,do
chippa,do
chocka,shock
chockera,shock
choka,choke
chosa,choke
cirkla,circle
cirkulera,circle
ciselera,emboss
citera,cite
civilisera,do
coacha,coach
coola,cool
cracka,crack
crawla,crack
curla,crack
cykla,bicycle
dabba,goof up
dadda,do
daga,do
dagas,do
dagteckna,do
dagtinga,bargain
dakta,do
dala,sink
dalta,coddle
damaskera,damask
damma,dust
dammsuga,dust
dampa,do
dana,do
dansa,dance
darra,tremble
datera,date
datorisera,computerize
davna,daven
debarkera,disembark
debattera,debate
debitera,debate
debutera,debut
decentralisera,decentralize
dechiffrera,decipher
decidera,do
decimera,decimate
dedicera,dedicate
dedikera,dedicate
deducera,dedicate
defendera,defend
defenestrera,defenestrate
defilera,defile
definiera,define
deformera,deform
defosforylera,dephosphorylate
defragmentera,defragment
dega,do
degradera,do
dehydrera,dehydrate
dejeunera,do
dejsa,do
dejta,date
dekantera,decant
dekapitera,do
deklamera,declaim
deklarera,declare
deklassera,declare
deklinera,decline
dekorera,decorate
dekreditera,do
dekretera,decree
dekryptera,decrypt
dela,share
delegera,delegate
deleta,do
delge,communicate
delta,participate
deltaga,part
demaskera,unmask
dementera,deny
demilitarisera,deny
demissionera,deflect
demobilisera,demobilize
demokratisera,democratize
demolera,demolish
demonstrera,demonstrate
demontera,demonstrate
demoralisera,demonstrate
denationalisera,denationalize
denaturalisera,denaturalize
denaturera,denature
denervera,denature
depatriera,denature
depolarisera,depolarize
deponera,deposit
deportera,deposit
deppa,deposit
depreciera,deposit
deprimera,deposit
derangera,deposit
derivera,differentiate
desarmera,differentiate
desavouera,differentiate
desertera,differentiate
designa,design
desillusionera,design
desinfektera,disinfect
desinficera,disinfect
desinficiera,disinfect
destillera,distill
destinera,do
destruera,destruct
detachera,detail
detektera,detect
determinera,determine
detonera,detonate
detronisera,dethrone
devalvera,dethrone
dia,dethrone
diagnosticera,dethrone
diagnostisera,dethrone
diagonala,do
diarieföra,register incoming documents in a
diffa,do
differentiera,differentiate
differera,differentiate
diffundera,diffuse
diffusera,do
digerera,digest
digga,digest
digitalisera,digitize
dikta,write
diktera,write
dilatera,do
dilla,do
dimensionera,do
dimissionera,do
dimpa,fall
dinera,fall
dingla,fall
dippa,dip
dirigera,dip
dirka,do
disciplinera,discipline
diska,disqualify
diskontera,discount
diskreditera,discount
diskrepera,do
diskretisera,discretize
diskriminera,discriminate
diskutera,discuss
diskvalificera,disqualify
dispensera,dispense
disponera,dispense
disputera,dispute
dissa,dis
dissekera,dissect
dissonera,do
distansera,distance
distingera,distinguish
distrahera,distract
distribuera,distribute
ditcha,do
divergera,diverge
dividera,divide
djupna,deepen
djärvas,dare
djävlas,fuck
doa,do
dobbla,do
docera,do
docka,dock
dofta,dock
doktorera,do
dokumentera,dock
dolka,skewer
domdera,do
domesticera,do
dominera,do
domna,go dormant
domptera,go dormant
dona,go dormant
donera,donate
donna,do
dopa,do
doppa,do
dosera,dose
dra,pull
drabba,strike
dragga,do
dramatisera,dramatize
drapera,dramatize
dratta,dramatize
dregla,drool
dreja,drool
dressera,drool
dribbla,dribble
dricka,drink
dricksa,tip
drifva,drift
drista,venture to
driva,drift
droga,drug
droppa,drip
drunkna,drown
drutta,do
dryfta,do
drypa,drip
drälla,dramatize
drämma,smash
dränera,drain
dränka,drain
dräpa,kill
dröja,drip
drömma,dream
dröna,do
dua,drip
dubba,dub
dubbelklicka,do
dubbeltrampa,double clutch
dubbla,do
dubblera,do
ducka,do
duellera,duel
duga,suffice
dugga,suffice
duggregna,drizzle
duka,lay
dumpa,lay
dundra,lay
dunka,lay
dunsa,flop
dunsta,evaporate
dupera,flop
duplicera,duplicate
duscha,shower
dutta,shower
duva,do
dvala,shower
dväljas,dwell
dygna,do
dyka upp,appear
dyka,dive
dynga,dung
dyrka,adore
dåna,do
dåra,charm
dåsa,doze
däcka,do
dägga,do
dämpa,dampen
dänga,wallop
dävna,do
dö,die
döda,kill
dölja,hide
döma,judge
döna,do
döpa,do
dörja,fish with a handline
döva,deafen
e-posta,email
ebba,ebb
echappera,do
edera,do
edfästa,do
editera,edit
effektivisera,streamline
effektuera,effectuate
effeminera,effeminate
efterapa,effeminate
efterforska,effeminate
efterfråga,request
efterkomma,request
efterlikna,request
efterlysa,request
eftersinna,talk of
eftersträva,desire
efterträda,talk of
ega,do
egalisera,make uniform
egga,make uniform
egna,own
ejakulera,own
eka,repeat
ekipera,equip
eklatera,announce
eklärera,announce
ekonomisera,economize
ekra,do
elaborera,do
elda,do
eldhärja,do
elektrifiera,do
elektrisera,electrify
elevera,do
eliminera,eliminate
eludera,elude
emaljera,elude
emancipera,emancipate
emanera,emanate
emballera,emanate
embarkera,emplane
embrejsa,do
emendera,emend
emfasera,do
emigrera,emigrate
emittera,emit
emotta,receive
emottaga,receive
emulera,emulate
emulgera,emulsify
ena,emulsify
enas,do
endossera,indorse
enervera,madden
engagera,hire
enkla,easy
enlevera,abduct
enrollera,enroll
ensa,lear
entlediga,dismiss
entusiasmera,enthuse
envisas,persist
epilera,persist
erbjuda,offer
erfara,experience
erfordra,experience
erhålla,receive
erinra,receive
erkänna,appreciate
erlägga,appreciate
ernå,achieve
erodera,achieve
ersätta,replace
ertappa,catch
erövra,conquer
escapea,do
eskalera,do
eskamotera,do
eskortera,escort
estimera,estimate
etablera,establish
etikettera,label
etsa,etch
evakuera,evacuate
evaluera,evaluate
evalvera,estimate
evaporera,evaporate
evoluera,do
evolvera,evolve
exacerbera,exacerbate
examinera,exacerbate
excellera,excel
excerpera,excerpt
excipera,do
excitera,excite
exekvera,execute
exemplifiera,exemplify
exercera,exemplify
exhumera,exhume
exilera,do
existera,exist
exkludera,exclude
exkommunicera,exclude
expandera,expand
expatriera,expatriate
expediera,expatriate
experimentera,experiment
explicera,explicate
exploatera,exploit
explodera,explode
explorera,explore the
exponera,expose
exportera,export
expropriera,expropriate
exspirera,expire
exstirpera,do
extemporera,extemporize
extrahera,extract
extraknäcka,job
extrapolera,extrapolate
extravagera,do
fabricera,manufacture
fabulera,romance
facettera,do
fagocytera,phagocytize
faila,do
fajta,do
fajtas,do
faktorisera,do
fakturera,invoice
falbjuda,offer for sale
falla,fall
fallera,fail
falna,fail
falsifiera,fail
famla,fail
famna,embrace
fanera,veneer
fantisera,indulge in daydreams
fara,go
farhåga,fear
fasa,fear
fascinera,fascinate
fasettera,facet
fasonera,facet
fasta,fast
fastbinda,do
fastna,fasten
fastnagla,impale
fastslå,lay down
fastställa,lay down
fastsy,do
fatigera,fatigue
fatta,understand
fattas,understand
favorisera,understand
faxa,understand
federera,federate
fega,do
feja,do
fela,do
felsöka,troubleshoot
feminisera,feminize
fermentera,feminize
festa,party
fetma,do
fetna,do
fickla,do
fickparkera,parallel park
ficktjuva,pickpocket
fiffla,manipulate
figurera,figure
fika,do
fila,file
fildela,do
filea,fillet
filéa,fillet
filma,film
filmatisera,film
filosofera,film
filtrera,filter
fimpa,filter
finansiera,finance
finera,fine adjustment drive
finfördela,fine adjustment drive
fingera,fine adjustment drive
fingerpulla,finger pulla
fingra,finger pulla
finhacka,mince
finjustera,mince
finna,find
finnas,exist
finputsa,polish
finslipa,hone
finta,feint
fippla,fiddle
fira,celebrate
fisa,fart
fiska,fish
fista,do
fixa,fix
fixera,fix
fjanta,fawn
fjälla,fawn
fjärma,alienate
fjärna,do
fjärrstyra,do
fjärta,do
fjäska,do
fjättra,fetter
fjöla,do
flabba,do
fladdra,do
flaga,do
flagellera,flagellate
flagga,flag
flagna,flag
flambera,do
flamma,flame
flamsa,fool
flanera,fool
flankera,flank
flattera,do
flatulera,do
flaxa,do
flicka,repair
flina,grin
flippa,freak
flirta,flirt
flockas,flock
floppa,flop
florera,flop
flossa,do
flotta,do
flukta,do
fluktuera,do
flumma,do
fluorescera,do
fluoridera,fluorinate
fly,pass
flyga,fly
flyta,flow
flytta,move
flå,flay
flåsa,pant
fläcka,stain
fläkta,stain
flämta,flicker
flänga,dash
flänsa,dash
fläta,braid
flöda,flow
flöjta,do
flörta,flirt
fnissa,giggle
fnittra,giggle
fnula,think
fnysa,snort
focka,fire
fodra,feed
foga,feed
fokka,fuck
fokusera,focus
folda,fold
foliera,foil
folkbokföra,register
fondera,allocate proceeds
forcera,break
fordra,demand
forma,shape
formalisera,formalize
formatera,format
formera,format
formulera,formulate
forna,do
forsa,do
forska,research
forsla,transport
forta,do
fortfara,do
fortgå,continue
fortlöpa,continue
fortplanta,propagate
fortskaffa,convey
fortskrida,convey
fortsätta,continue
fosforylera,phosphorylate
fostra,mother
fota,mother
fotobomba,photobomb
fotografera,photograph
foula,foul
fradga,froth
fragmentera,fragment
fragmentisera,fragment
frakta,fragment
fraktionalisera,fractionalize
fraktionera,fractionate
frambesvärja,fractionate
frambringa,fractionate
framföra,convey
framgå,be
framhålla,emphasize
framhärda,be
framhäva,emphasize
framkalla,emphasize
framkasta,emphasize
framkomma,emphasize
framlägga,emphasize
frammana,emphasize
framskrida,emphasize
framstå,appear
framställa,produce
framte,do
framträda,do
framåtskrida,proceed
frankera,do
frappera,do
frasa,rustle
frasera,phrase
fraternisera,fraternise
freda,do
frekventera,do
fresta,tempt
fria,acquit
fridlysa,acquit
frigöra,acquit
frihetsberöva,acquit
frikänna,find not guilty
frilansa,freelance
frilägga,uncover
frisera,uncover
friska,uncover
friskförklara,do
friställa,lay off
frita,exempt
fritaga,do
fritera,do
frodas,do
frondera,do
frossa,do
frosta,defrost
frottera,rub
frua,do
frukostera,do
frukta,fear
frysa,freeze
fråga,ask
frångå,ask
frånsäga,ask
frånta,void
frånträda,void
frånvara,be from
frälsa,save
främja,save
fräsa,mill
fräta,mill
frösa,do
fubba,do
fukta,dampen
fullborda,complete
fullfölja,follow through
fullgöra,fulfill
fullända,perfect
fulna,do
fumla,do
fundera,ponder
fungera,work
funka,work
funktionera,work
furagera,forage
furnera,furnish
fusiljera,do
fuska,cheat
fyka,do
fylkas,do
fylla,do
fyllna,do
fynda,do
fyra av,fire
fyra,do
fyrdubbla,quadruple
fyrfaldiga,fourfold
fysiljera,do
få,get
fålla,get
fånga,catch
fåra,do
fäkta,do
fälla,trap
fängsla,fascinate
färdas,travel
färdigställa,finish
färga,colour
färglägga,colour
färja,ferry
färskna,do
fästa,fasten
föda,feed
föla,feed
följa,follow
följeslaga,do
föna,do
föra in,introduce
föra,do
förakta,despise
förankra,despise
föranleda,cause
förarga,cause
förbanna,curse
förbarma,have mercy
förbehålla,reserve
förbereda,prepare
förbestämma,predetermine
förbinda,predetermine
förbise,predetermine
förbjuda,forbid
förblekna,fade
förbli,remain
förblifva,remain
förblinda,blind
förbliva,remain
förblommera,do
förbluffa,bleed to death
förblöda,bleed to death
förboka,preorder
förbruka,use
förbrylla,use
förbryta,trespass
förbränna,preorder
förbättra,improve
fördela,deprave
fördjupa,deprave
fördra,do
fördraga,bear
fördrifva,banish
fördriva,banish
fördröja,banish
fördubbla,double
fördyra,double
fördärva,deprave
fördöma,condemn
förebilda,foreshadow
förebringa,adduce
förebrå,reproach
förebygga,prevent
förebåda,plead
förebära,plead
föredra,prefer
förefalla,prefer
förefinna,do
förege,precede
föregripa,precede
föregå,precede
förehålla,remind and blame
förekomma,exist
föreligga,be
föreläsa,exist
förena,unite
förenkla,simplify
föreskrifva,prescribe
föreskriva,prescribe
föreslå,suggest
förespegla,suggest
förespråka,advocate
förestava,prompt
förestå,manage
föreställa,imagine
företa,undertake
företaga,undertake
förete,show
företräda,represent
föreviga,perpetuate
förevita,do
förfalla,do
förfalska,reproduce
förfara,reproduce
förfaras,perish
författa,write
förfela,fail of
förfesta,do
förfina,do
förfinska,do
förflyga,do
förflyta,pass
förflytta,pass
förfoga,pass
förfranska,frenchify
förfrysa,frenchify
förfråga,frenchify
förfula,frenchify
förfäkta,write
förfära,write
förfäras,do
förfärdiga,fabricate
förfölja,persecute
förföra,seduce
förgifta,poison
förgripa,destroy
förgrädda,destroy
förgylla,gild
förgå,overshoot
förgäta,forget
förgöra,destroy
förhala,delay
förhandla,negotiate
förhandsgranska,preview
förhasta,do
förhindra,do
förhyra,rent
förhålla,do
förhäva,do
förhäxa,do
förhöra,test
förinta,annihilate
förirra,go astray
förkasta,go astray
förklara,declare
förklena,declare
förklinga,fade
förklä,declare
förknippa,associate
förkorta,reduce
förkovra,reduce
förkroppsliga,embody
förkrossa,reduce
förkunna,preach
förlama,preach
förlapska,do
förleda,forgive
förlida,pass
förlika,reconcile
förlisa,reconcile
förlita,rely
förlora,lose
förlova,engage
förlåta,forgive
förlägga,publish
förläna,publish
förlänga,extend
förlöjliga,ridicule
förlöpa,extend
förmedla,convey
förmena,deny
förminska,reduce
förmoda,suppose
förmynta,do
förmå,persuade
förmäla,wed
förmörka,suppose
förnagla,do
förnedra,humiliate
förneka,deny
förnimma,hear of
förnya,use up
förnöja,entertain
förnöta,use up
förolyckas,insult
förolämpa,insult
förorda,do
förordna,order
förorena,order
förorsaka,cause
förorätta,do
förpacka,multiply
förpassa,consign
förpesta,consign
förpliktiga,commit
förpläga,feast
förpolska,do
förpuppa,pupate
förringa,sell out
förråda,sell out
förrätta,pupate
försaka,forsake
försalta,forsake
församla,forsake
förse,provide
försegla,provide
försiggå,happen
försinka,slow down
försitta,slow down
förskansa,ensconce
förskjuta,ensconce
förskräcka,ensconce
försköna,ensconce
förslappa,ensconce
förslita,suffice
förslummas,do
förslå,suffice
förslösa,do
försmå,do
försmäkta,do
försockra,do
försona,reconcile
försonas,do
försova,oversleep
förspörja,do
förstatliga,transfer into the ownership
förstena,petrify
förstora,enlarge
försträcka,prestretch
förstå,understand
förställa,do
förständiga,wise
förstärka,wise
förstöra,ruin
försumma,neglect
försvaga,weaken
försvara,defend
försvenska,make
försvinna,disappear
försvåra,make
försäga,forsake
försäkra,insure
försälja,sell
försämra,deteriorate
försänka,set
försätta,plunge
försöka,try
försörja,supply
förta,disappear
förtala,disappear
förteckna,list
förtiga,suppress
förtjusa,enchant
förtjäna,merit
förtrolla,forget
förtrycka,oppress
förtränga,forget
förtvina,forget
förtvivla,despair
förtycka,do
förtydliga,clarify
förtynga,do
förtäcka,disappear
förtälja,tell
förtänka,blame
förtära,blame
förtäta,blame
förtöja,moor
förtörnas,do
förtöva,delay
förundra,do
förunna,grant
förutbestämma,predestinate
förutse,foresee
förutskicka,premise
förutspå,predict
förutsäga,predict
förutsätta,require
förvalta,predict
förvandla,predict
förvanska,predict
förvara,store
förvarna,forewarn
förveckla,entangle
förverka,forfeit
förverkliga,realise
förvilla,realise
förvirra,confuse
förvissa,confuse
förvrida,distort
förvränga,distort
förvåna,surprise
förvägra,deny
förvälla,parboil
förvänta,expect
förvärra,expect
förvärva,acquire
förväxla,acquire
förzinka,galvanize
föråldras,do
förädla,cause
förälska,cause
förändra,change
förära,bestow
föräta,bestow
förödmjuka,humiliate
föröka,multiply
föröva,multiply
fösa,drive
gadda,gang
gaffla,fork
gagga,do
gagna,do
gala,do
gallra,do
galoppera,gallop
galvanisera,gallop
gama,do
gamea,do
gammalstava,do
ganka,gank
gapa,open mouth
gapskratta,open mouth
garantera,guarantee
gardera,guard
garfva,do
garnera,garnish
garrottera,garrotte
garva,garrotte
gasa,garrotte
gasta,garrotte
gastera,appear as a visiting company
gaussa,do
ge vid handen,prove
ge,deal
gegga,deal
gelatinera,gelatinize
geminera,do
gena,do
gendrifva,do
gendriva,refute
genera,embarrass
generalisera,generalize
generera,generate
gengälda,reciprocate
genljuda,resound
genmäla,resound
genombryta,do
genomföra,do
genomgå,do
genomskåda,do
genomsyra,do
genskjuta,intercept
gestalta,intercept
gestikulera,gesticulate
gibba,do
gifta,marry
gifva,give
gilja,woo
giljotinera,woo
gilla,like
gillas,do
giltigförklara,validate
ginna,trick
gipa,jibe
gira,yaw
girera,yaw
gissa,guess
gissla,guess
gistna,do
gita,do
gitta,run away
giva,give
gjuta,cast
glamma,glam
glana,stare
glasera,stare
glesna,thin out
glida,slide
glimma,slide
glimra,glimmer
glimta,glimmer
glipa,glimmer
glisa,do
glittra,do
glo,stare
globalisera,globalize
glorifiera,glorify
glossera,gloss
glufsa,do
glunka,do
glutta,peek
glysa,do
glädja,become
glädjas,rejoice
gläfsa,rejoice
glänsa,rejoice
glänta,rejoice
glöda,glow
glödga,glow
glömma,forget
gnaga,gnaw
gnata,nag
gneta,write in a crabbed hand
gnida,rub
gnissla,rub
gnistra,rub
gno,rub
gnola,hum
gnugga,hum
gny,whimper
gnägga,neigh
gnälla,whinge
godkänna,approve
goffrera,gauffer
gola,do
golfa,golf
googla,google
gorma,yell
gosa,cuddle
gotta,do
gottgöra,atone
gottskriva,atone
goutera,atone
grabba,do
gradera,grade
granska,examine
granulera,granulate
grassera,granulate
gratinera,granulate
gratta,do
gratulera,congratulate
grava,congratulate
gravera,encumber
greja,pull off
greppa,grab
griljera,grill after coating with egg
grilla,grill after coating with egg
grimasera,grill after coating with egg
grina,grill after coating with egg
gripa,grill after coating with egg
grisa,farrow
gro,farrow
grovhyvla,do
grovputsa,rough polishing
grubbla,speculate
gruffa,make a row
grunda,speculate
grundlura,do smb in the eye
grundlägga,lay the foundation
grunna,do smb in the eye
gruppera,do smb in the eye
grusa,dash
gruva,mine
gry,dawn
grymta,grunt
gråna,rummage
gråta,cry
grädda,cream
gräddsätta,do
gräfva,dig
gräla,quarrel
gräma,fret
gränsa,border on
gräva ut,excavate
gräva,rummage
gröda,crop
grönska,crop
gröpa,crop
gucka,do
guida,guide
gulna,yellow
gunga,do
guppa,do
gura,do
gurgla,gargle
gutera,do
gymma,do
gymnastisera,do
gynna,do
gå av,guest lecture
gå i stå,guest lecture
gå på tomgång,idle
gå på,go on
gå som katten kring het gröt,avoid speaking
gå,take
gånga,go
gångra,times
gäcka,baffle
gäckas,do
gälda,repay
gälla,be valid
gänga,thread
gärda,thread
gäspa,yawn
gästa,yawn
gästföreläsa,guest lecture
göda,atone
gödsla,fertilize
göka,do
gömma,hide
göra hål,hole
göra,make
gördla,do
ha råd,afford
ha,have
habilitera,rehabilitate
hacka,pick
haffa,pick
hafva,pick
hafwa,pick
hagla,hail
haja,get
hajpa,do
haka,chin
hala,chin
halka,chin
halsa,neck
halshugga,decapitate
halstra,broil
halta,limp
halva,half
halvera,halve
hamla,do
hamna,end up
hamra,hammer
hamstra,stockpile
handha,stockpile
handikappanpassa,do
handla,act
handleda,guide
handlägga,act
handskas,deal
handsticka,hand knit
hantera,handle
harangera,harangue
harkla,clear throat
harma,do
harmoniera,do
harmonisera,harmonize
harpa,harp
hasardera,hazard
hasha,hash
hassa,do
hasta,do
hata,hate
haussa,do
hava,do
haverera,be wrecked
hedra,honour
heja,go
hejda,go
hela,heal
helga,sanctify
hemestra,do
hemförlova,disband
hemställa,do
hemsöka,obsess
henifiera,do
hesitera,do
hesna,do
heta,be called
hetsa,be called
hetta,heat
hia,do
hibernera,hibernate
hicka,hiccup
himla,do
hindra,hamper
hinka,hamper
hinna,hamper
hinta,give a hint
hissa,hamper
hitta på,come up with
hitta,find
hiva,find
hjula,wheel
hjälpa,help
hjälpas,do
hjärnskada,brain damage
hjärntvätta,brainwash
hjärtnypa,do
hoa,hoot
hoja,do
hojta,do
honorera,do
hopa,row backwards
hopgyttra,conglomerate
hoppa över,skip
hoppa,jump
hoppas,hope
hora,whore
hospitera,do
hosta,cough
hota,threaten
hovera,threaten
hovra,hover
hudflänga,flay
hugfästa,commemorate
hugga,stab
hugna,might comfort
hugsvala,comfort
huka,crouch
huldiga,do
hulka,do
humanisera,humanize
humma,humanize
hundsfottera,humanize
hundsvottera,do
hungra,hunger
hunsa,hunger
hurra,hooray
husa,housemaid
husera,housemaid
hushålla,housemaid
huta,do
hutta,dispose
huttra,shiver
hvila,repose
hvrida,do
hyckla,do
hyfsa,simplify
hylla,praise
hymla,praise
hypa,do
hyperpolarisera,hyperpolarize
hyperventilera,hyperventilate
hypnotisera,hypnotize
hypotetisera,hypothesize
hyra,rent
hysa,rent
hyscha,do
hyssa,do
hyssja,hush
hysta,do
hytta,do
hyvla,do
håla,shape a groove
hålla i,hold
hålla inne,withhold
hålla,hold
håna,mock
hångla,neck
hånle,neck
hårddra,do
hårddraga,do
hårdna,harden
hårdra,harden
håva,harden
häcka,breed
häckla,heckle
häda,blaspheme
häfta,staple
häfva,staple
hägna,enclose
häkta,enclose
hälla,pour
hällregna,pour
hälsa,greet
hämma,check
hämnas,check
hämta,fetch
hända,happen
hänföra,charm
hänga,hang
hänge,hang
hänka,do
hänsyfta,hint
hänvisa,hint
häpna,hint
härbärgera,hint
härda,hint
härja,hint
härleda,derive
härma,copy
härmas,do
härröra,emanate
härska,rule
härskna,rule
härstamma,rule
hässja,rule
häva,cancel
hävda,cancel
höfta,estimate
höga,in a
högakta,estimate
högerjustera,right align
högerklicka,do
höja,raise
hölja,cover
höra av sig,contact
höra upp,listen up
höra,belong
höras,be heard
hörsamma,be heard
hösta,be heard
höta,wag
hötta,do
hövas,do
iaktta,observe
iakttaga,observe
ianspråkta,claim
idas,be arsed to
idealisera,idealize
identifiera,identify
idiotförklara,do
idissla,do
idka,do
idrotta,do
ifrågakomma,do
ifrågaställa,question set
ifrågasätta,question
iföra,do
igenspika,do
ignorera,ignore
ihågkomma,remember
ila,remember
illudera,produce an illusion of
illuminera,illuminate
illustrera,illustrate
ilskna,do
imitera,imitate
imma,imitate
immatrikulera,matriculate
immigrera,immigrate
immunisera,immunize
impa,do
implementera,implement
implicera,imply
implodera,implode
imponera,impress
importera,import
impregnera,import
improbera,do
improvisera,improvise
ina,mak a light buzzing sound
inackordera,improvise
inaktivera,inactivate
inandas,inhale
inaugurera,inaugurate
inbegripa,inaugurate
inbilla,inaugurate
inbjuda,invite
inbädda,inaugurate
indela,invite
indexera,index
indicera,indicate that the specimen
indikera,indicate that the specimen
individualisera,individualize
indoktrinera,indoctrinate
indriva,collect
industrialisera,do
infalla,fall
infatta,fall
infektera,fall
infiltrera,infiltrate
infinna,infiltrate
inflammeras,do
inflicka,interpose
inflika,interpose
influera,influence
inflyta,influence
infoga,insert
infordra,call in
informera,inform
infria,do
införa,introduce
införliva,introduce
införskriva,do
inge,enter
ingiva,enter
ingjuta,instill
ingripa,intervene
ingå,enter
inhibera,inhibit
inhägna,enclose
inhämta,acquire
inhösta,reap
initiera,initiate
injicera,initiate
inkarnera,incarnate
inkassera,incarnate
inkludera,include
inkommodera,incommode
inkorporera,incorporate
inkräkta,encroach
inkubera,incubate
inkvartera,incubate
inleda,begin
inlemma,begin
inlåta,engage
inmundiga,begin
inmuta,lay claim to
innebära,mean
innefatta,include
inneha,include
innehava,do
innehålla,contain
innesluta,contain
inordna,contain
inpassa,fit
inplacera,do
inprägla,do
inrama,do
inrangera,do
inreda,do
inrikta,direct
inringa,direct
inrymma,contain
inrätta,do
insamla,collect
inscenera,contain
inse,realize
insegla,do
inserera,insert
insinuera,insinuate
insistera,insinuate
insjukna,insinuate
inskränka,insinuate
inskärpa,insinuate
inspektera,insinuate
inspirera,inspire
inspruta,inject
installera,install
instruera,instruct
instrumentera,instrument
instudera,study
instunda,do
inställa,install
instämma,second
insultera,do
inta,do
intaga,assume
integrera,integrate
intellektualisera,integrate
intensifiera,integrate
interagera,interact
interferera,interfere
interfoliera,interleave
internera,intern
interpellera,interpellate
interpolera,interpolate
interpretera,interpret
interpunktera,punctuate
intervenera,punctuate
intervjua,interview
intimidera,intimidate
intonera,intonate
intressera,interest
intrigera,intrigue
introducera,introduce
inträffa,happen
intränga,intrude
intyga,introduce
invadera,introduce
invalidisera,introduce
invandra,immigrate
inveckla,embroil
inventera,inventory
inverka,influence
invertera,invert
investera,invest
inviga,inaugurate
invitera,inaugurate
involvera,inaugurate
invända,immigrate
invänta,await
irisera,do
ironisera,ironise
irra,wander
irritera,irritate
isa,do
isbelägga,freeze
iscensätta,stage
isolera,stage
iterera,iterate
jacka,jacket
jaga,hunt
jaka,say yes
jama,meow
jiddra,mess
jobba,work
jodberika,do
joddla,yodel
jogga,jog
joina,join
jolla,do
jollra,babble
jonglera,juggle
jonna,juggle
jorda,juggle
joxa,peddle
jubilera,jubilate
jubla,jubilate
jucka,hump
julpynta,hump
jumpa,do
justera,do
jäklas,mess
jäkta,mess
jämföra,compare
jämka,compare
jämna,compare
jämnställa,level set
jämra,level set
jämställa,equate
jäsa,equate
jävlas,mess
kacka,do
kackla,do
kalasa,feast
kalfatra,do
kalkera,trace
kalkulera,calculate an
kalkylera,calculate
kalla,summon
kallna,cool
kalmera,do
kalna,do
kalva,calve
kameraövervaka,do
kamma,comb
kampera,do
kana,do
kanalisera,do
kandera,candy
kandidera,run
kannelera,do
kanonisera,canonize
kanta,canonize
kantra,canonize
kapa,hijack
kapitalisera,hijack
kapitulera,capitulate
kapsejsa,capitulate
kapsylera,do
karakterisera,do
karaktärisera,do
karda,do
karessera,do
karikera,caricature
kartlägga,caricature
kasa,do
kaschera,do
kassera,do
kasta,throw
kastrera,throw
katalogisera,catalog
kategorisera,categorize
kauterisera,cauterize
kavla,cauterize
kedja,chain
kela,chain
kesa,do
kicka,kick
kidla,do
kidnappa,kidnap
kika,kidnap
kikna,wheeze
kila,wheeze
killa,wheeze
kinesa,do
kinka,do
kippa,do
kirra,do
kisa,peer
kissa,pee
kissla,do
kittla,tickle
kiva,do
kivas,quarrel
klacka,quarrel
kladda,smudge
klaffa,do
klafsa,do
klaga,complain
klampa,complain
klandra,complain
klanka,carp
klanta,do
klappa,do
klara,do
klarera,do
klargöra,clarify
klarlägga,clarify
klarna,clear
klassa,classify
klassificera,classify
klassifiera,classify
klema,pamper
kleta,pamper
klia,pamper
klibba,pamper
klicka,click
klifva,do
klinga,blade
klippa,cut
klistra,cut
klitta,clit
klittra,do
kliva,do
klocka,clock
klokna,do
klorera,chlorinate
klottra,chlorinate
klubba,defecate
klucka,defecate
klunka,defecate
klura,figure
klydda,do
klyfta,do
klyva,do
klå,beat
klä,classify
kläcka,hatch
kläda,hatch
klämma,clamp
klämta,clamp
klänga,hold tight
klättra,climb
klösa,chlorinate
klövja,do
knabba,do
knacka,knock
knaka,knock
knalla,knock
knappa,knock
knapra,knock
knarka,knock
knarra,knock
knastra,knock
knata,knock
knega,knead
knejpa,knead
knipa,win
knipsa,win
kniva,win
knivhota,knife threaten
knivhugga,stab
knivmörda,knife murder
knivskära,knife cut
knocka,knife cut
knockouta,do
knoppa,spin
knoppas,bud
knorra,tinker
knuffa,bunch
knulla,fuck
knusa,do
knussla,skimp
knycka,pinch
knyppla,pinch
knyta,tie
knåda,knead
knäa,knee
knäcka,crack
knäppa,crack
knäsätta,do
knö,do
knöka,do
knöla,bunch
koaffera,cut
koagulera,clot
koda,clot
kodifiera,code
koja,code
koka,boil
kokettera,coquet
kola,coke
kolka,do
kolla,check
kollabera,do
kollaborera,collaborate
kollapsa,collapse
kollationera,collate
kollektivisera,collectivize
kollidera,collectivize
kolonisera,collectivize
kolorera,do
kolportera,do
kolsyra,carbonate
kombattera,do
kombinera,combine
komma ihåg,remember
komma åt,access
komma överens,agree
komma,point
kommendera,point
kommentera,comment
kommersialisera,do
kommunalisera,municipalize
kommunicera,communicate
kommutera,commute
kompa,commute
komparera,compare
kompensera,compensate
kompilera,compensate
komplementera,complement
komplettera,complete
komplicera,complicate
komplimentera,compliment
komponera,compose
kompostera,compost
komprimera,compress
kompromettera,compress
kompromissa,compromise
koncentrera,concentrate
koncipiera,design the
kondemnera,do
kondensera,condense
konfigurera,configure
konfirmera,confirm
konfiskera,confiscate
konfrontera,confront
konfundera,confuse
kongruera,do
konjugera,conjugate
konka,do
konkludera,conclude
konkretisera,conclude
konkurrera,compete
konkursa,go bankrupt
konsekrera,do
konsertera,do
konservera,do
konskribera,conscript
konsolidera,conscript
konspirera,conspire
konstatera,establish
konsternera,do
konstituera,do
konstra,do
konstruera,construct
konsultera,consult
konsumera,consume
kontakta,consume
kontaminera,consume
kontemplera,contemplate
konterfeja,do
kontinuera,do
kontorisera,do
kontra,do
kontrahera,contract
kontraktera,contract
kontrasignera,countersign
kontrastera,contrast
kontrollera,control
konvenera,suit
konventionalisera,conventionalise
konvergera,conventionalise
konversera,converse
konvertera,convert
kooperera,do
koordinera,coordinate
kopiera,copy
koppla,coordinate
kopulera,coordinate
kora,condition
koreografera,choreograph
korka upp,uncork
korka,seal with a cork
korrelera,choreograph
korrespondera,choreograph
korrigera,correct
korrodera,corrode
korrumpera,corrupt
korsa,crossbreed
korsfästa,do
korsförhöra,do
korta,shorten
kortna,shorten
kortsluta,shorten
korva,do
kosta,cost
kostymera,costume
koxa,do
krabba,do
krackelera,crackle
krafsa,crackle
krama,squeeze
kramas,do
krampa,staple
kransa,crown
krasa,do
kratsa,do
kratta,rake
kravla,rake
kraxa,rake
kreditera,credit
kreera,create large format
kremera,cremate
krepera,burst
kretsa,burst
krevera,explode
kriga,explode
kriminalisera,criminalize
kringgå,criminalize
kristallisera,criminalize
kristna,criminalize
krita,do
kritisera,criticise
krocka,collide
krockera,do
kroka,do
krokna,do
krossa,crush
krubba,crib
kruda,do
krulla,crisp
krumbukta,dodge the facts
krusa,make a fuss of
kry,make a fuss of
krya,get well
krycka,crutch
krydda,season
krylla,crawl
krympa,shrink
krypa,crawl
kryptera,encrypt
kryssa,tack
krysta,push
kråla,grovel
kråma,prance
krångla,fuss
kräka,vomit
kräkas,vomit
kräksnöa,brute snow
kräla,brute snow
kräma,monger
kränga,brute snow
kränka,offend
kräppa,do
kräva,require
kröka,booze
kröna,crown
kubba,do
kubera,do
kugga,flunk
kujonera,do
kuka,do
kulla,ball
kulminera,culminate
kultivera,cultivate
kumulera,do
kungöra,do
kunna,may
kupa,may
kupera,do
kura,do
kurera,cure
kurra,cure
kursa,do
kursivera,italicize
kurtisera,flirt
kuta,belt
kutta,do
kuttra,do
kuva,subdue
kvacka,quack
kvadda,quack
kvadrera,square
kvadrupla,quadruple
kvala,qualify
kvalificera,qualify
kvantifiera,quantify
kvarleva,do
kvarstå,remain
kvarta,remain
kverulera,make a fuss
kvickna till,wake up
kvickna,make a fuss
kvida,moan
kvillra,do
kvintilera,do
kvirra,do
kvista,do
kvitta,do
kvittera,give a receipt
kvittra,do
kvotera,do
kväda,remain
kväfva,strangle
kväka,strangle
kvälja,strangle
kväsa,strangle
kväva,asphyxiate
kyla,chill
kyssa,kiss
kyssas,kiss
kånka,lug
kåsera,lug
käbbla,quibble
käka,eat
källsortera,sort
kälta,nag
kämpa,fight
känna igen,recognize
känna till,know
känna,know
känneteckna,characterize
kära,fall in love
kärna,churn
kärrtorpa,do
kärva,do
käxa,tease
köa,queue
kölna,in a kiln
köna,cone
könsbestämma,sex
köpa,buy
köpslå,buy
köra,fail
kötta,do
labba,do
labialisera,do
laborera,do
lacka,draw near
ladda,load
laga mat,cook
laga,prepare
lagga,lay
lagliggöra,do
lagra,do
lagstifta,legislate
lagsöka,sue
laka,material
lamentera,legislate
laminera,laminate
lamslå,paralyse
lana,do
landa,land
langa,do
lansera,introduce
lapa,lap
lappa,lap
larma,lap
larva,play dumb
lasera,do
lasta av,unload
lasta,do
lata,do
latinisera,latinize
lattja,play around
lavera,play around
laxera,do
le,smile
leda,lead
ledas,do
ledera,do
leds,do
ledsaga,do
ledsna,do
leecha,do
legalisera,do
legera,alloy
legga,do
legitimera,do
leja,hire
leka,lek
lemlästa,lek
lena,do
lessna,get tired
leta,search
leva,live
leverera,deliver
levla,level
levra,clot
liberalisera,clot
licensera,do
licensiera,license
licenstillverka,license
licentiera,do
lida,suffer
liera,suffer
lifta,hitch
ligga i,be in
ligga,lie
lika,lie
likna,compare
likvidera,liquidate
limitera,limit
limma,limit
linda,wind
lindra,alleviate
linka,alleviate
lipa,whine
lira,play
lisa,play
lisma,play
lista,list
lita på,trust
lita,trust
litterera,do
ljuda,do
ljudisolera,sound isolating
ljuga,lie
ljunga,fulminate
ljusa,do
ljusna,brighten
ljuta,do
lobba,lob
lobotomera,lobotomise
locka,entice
loda,entice
logaritmera,entice
logera,entice
logga,log
lokalisera,localize
lomma,do
lorta,do
loska,gob
lossa,unload
lossna,unload
lotsa,pilot
lotta,unload
lova,praise
lovorda,praise
lua,do
lubba,do
luckra,loosen
lufsa,lumber
lufta,air out
lugna,calm
lukta,smell
lumpa,do
luncha,do
lunka,do
lura,deceive
lurra,do
luska,search
lussa,do
luta,lean
luttra,purify
lycka,fortune
lyckas,succeed
lyda,obey
lydas,do
lyfta,lift
lykta,end
lysa,shine
lyss,do
lyssna,listen
lysta,do
lyster,do
lystra,do
lyxrunka,do
låda,box
låga,flame
låna,borrow
låsa,lock
låta,sound
låtsas,pretend
läa,do
läcka,leak
lägga in,put
lägga på,hang up
lägga,fold
läka,heal
lämna,leave
lämpa,be suitable
lända,redound
längta,long
länka,link
länsa,drain
läppja,drain
lär,learn
lära,teach
läsa upp,read aloud
läsa,read
läska,quench thirst
läspa,lisp
lästa,lisp
lätta,lisp
lättna,lighten
löda,solder
löga,do
löjla,be silly
löna,pay
lönnmörda,be silly
löpa,be in oestrus
löpträna,be in oestrus
lösa av,change
lösa,dissolve
lösenbelägga,ransom coat
löska,louse
lövja,do
macerera,do
mackla,do
madjarisera,do
madrassera,cushion the
magnetisera,magnetize
magra,magnetize
magyarisera,do
maja,do
maka,do
makulera,discard
mala,grind
malla,do
mana,do
manifestera,manifest
manipulera,manipulate
mankera,fail
manövrera,do
mappa,map
marginalisera,marginalize
marinera,marinate
markera,mark
marknadsföra,market
marodera,maraud
marschera,march
martera,torment
maska,torment
maskera,mask
maskulinisera,masculinize
massakrera,massacre
massera,massacre
masskommunicera,mass communicate
massproducera,do
mata,feed
matcha,feed
matta,carpet
mattbelägga,carpet
mattsätta,do
maxa,do
maximera,maximize
mecka,do
medaljera,do
meddela,inform
medföra,lead to
medge,allow
medgiva,permit
medicinera,medicate
medikalisera,do
meditera,meditate
medla,mediate
medverka,mediate
medvetandegöra,mediate
meja,mediate
mejla,email
meka,tinker
mekanisera,tinker
melera,do
mellanlanda,do
memorera,memorize
mena,mean
meprisera,do
mercerisera,mercerize
meritera,merit
mesa,lime
messa,text
meta,angle
mickra,do
migrera,migrate
mikra,do
mikroblogga,micro blog
mikrofotografera,micro photograph
mikroskopera,do
miktera,micturate
mildra,mitigate
mima,mime
minera,mine
mingla,mingle
miniatyrisera,miniaturize
minimera,minimize
minnas,remember
minska,decrease
minusa,do
mirca,do
missa,miss
missbruka,abuse
missfirma,discolour
missfärga,discolour
missförstå,misunderstand
misshaga,displease
misshandla,assault
misshushålla,miss economize
missionera,do
misskreditera,discredit
missljuda,miss sound
misslyckas,fail
missminna,misremember
missta,mistake
misstaga,mistake
misstro,suspect
misstycka,disapprove
misstyda,misinterpret
misstänka,suspect
missunna,misinterpret
missuppfatta,misunderstand
missvisa,miss view
mista,lose
mitigera,mitigate
mixa,mix
mjaua,do
mjuka,soften
mjukna,soften
mjölka,milk
mobba,soften
mobilisera,mobilize
mocka,do
modda,mod
modellera,model
moderera,moderate
modernisera,modernize
modifiera,modify
modulera,modulate
moffla,do
mogna,do
mojna,abate
mola,abate
molla,do
moltiga,do
monopolisera,monopolize
montera,mount
moona,do
moppa,mop
moralisera,moralize
morra,growl
morsa,growl
morskna,do
mosa,mash
mota,mash
motarbeta,work against
motionera,exercise
motivera,motivate
motorisera,motivate
motsvara,match
motsäga,contradict
motsätta,do
motta,receive
mottaga,receive
motverka,work
moussera,fizz
mucka,meet
muddra,dredge
mula,do
muljera,do
mullra,do
mulna,do
multiplicera,multiply
mumla,mumble
mumsa,mumble
munknulla,do
mura,do
murkna,decay
musicera,decay
mussera,mouse sera
muta,mouse sera
muttra,mouse sera
mygga,do
mygla,do
myla,do
mylla,do
myllra,do
mynna,do
mynta,coin
mysa,coin
mystifiera,mystify
mytisera,mystify
må,may
måla,paint
mån,do
måna,do
månde,do
mångfaldiga,do
måsta,must
måste,must
mäkla,broker
mäkta,maximize
mäla,notify
mälta,malt
märka,label
mässa,in church
mästra,censure
mäta,measure
mätta,saturate
möblera,furnish
möda,hurt
möga,do
mögla,do
möjliggöra,make possible
möka,fart
möla,chafe
mönstra,inspect
mörbulta,do
mörda,murder
mörka,murder
mörkna,darken
möta,meet
mötas,meet
nacka,neck
nafsa,neck
nagelfara,neck
nagga,neck
nagla,nail
nalka,nail
nalkas,approach
nalla,nail
namna,name
namnge,name
nana,do
nanna,do
nappa,bite
narra,fool
nasa,do
nasalera,do
nascha,do
nationalisera,nationalize
natta,stay overnight
nattgibba,do
naturalisera,naturalize
navigera,navigate
navla,do
nedkomma,come down
nedlägga,come down
nedslå,defeat
nedsvärta,defame
nedsätta,reduce
nedvärdera,devalue
negera,negate
negligera,negate
negociera,negotiate
negotiera,do
neka,deny
neutralisera,neutralize
nia,neutralize
nicka,head
niga,curtsey
ninja,ninja
nita,rivet
nitälska,do
nivellera,level
njuta,enjoy
nobba,do
nocka,nock
nojsa,do
nojsas,do
nolla,do
nomadisera,nomadize
nominera,nomadize
nonchalera,neglect
nooba,do
noppa,do
noppra,do
normalisera,do
normera,do
norpa,snatch
nosa,snatch
notera,note
notificera,do
notifiera,notify
nudda,touch
nullera,firm by
nullificera,do
nullifiera,do
nullitera,do
numrera,do
nuppa,bump
nyansera,bump
nydana,reorganize
nynna,reorganize
nypa,pinch
nypas,do
nysa,sneeze
nysta,sneeze
nyttja,sneeze
nå,well
nåde,grace
nåtla,do
näcka,do
nälla,bone
nämna,name
nännas,name
näpsa,name
nära,feed
närma,approach
närvara,approach
nässla,nettle
nästa,do
näta,do
nätverka,network
nödga,notify
nöja,be satisfied
nöta,be satisfied
obducera,sneeze
observera,watch
obstruera,obstruct
ockra,ocher
ockupera,ocher
odla,cultivate
offentliggöra,cultivate
offerera,cultivate
officiera,officiate
offra,sacrifice
ogilla,dismiss
ogiltigförklara,void
oktrojera,do
okulera,graft
ola,do
olja,oil
olla,do
ombe,do
ombelägga,do
ombesörja,ensure
ombryta,do
omdana,reshape
omdefiniera,redefine
omdirigera,redirect
omfamna,embrace
omfatta,comprise
omformulera,rephrase
omfördela,redistribute
omge,surround
omgiva,surround
omgjorda,do
omgärda,rephrase
omhulda,cherish
omkategorisera,recategorize
omkomma,be killed
omnämna,be killed
omorganisera,reorganize
omprogrammera,be killed
ompröva,reconsider
omringa,surround
omskära,circumcise
omsluta,surround
omstrukturera,restructure
omsätta,surround
omtala,restructure
omtolka,reinterpret
omvandla,reinterpret
omvälva,overthrow
omvända,overthrow
omvärdera,revalue
omöjliggöra,be killed
onanera,masturbate
ondgöra,take offence
ondulera,do
oneshotta,do
operera,do
opponera,do
opsonisera,opsonize
optimera,optimize
orda,talk
ordbajsa,do
ordinera,do
ordna,order
orera,rant
organisera,organize
orientera,orient
orka,have the energy
orkestrera,have the energy
ornamentera,ornament
ornera,do
oroa,do
orsaka,cause
ortonormera,orthonormalize
osa,orthonormalize
oscillera,oscillate
oskadliggöra,do
oskära,defile
outa,out
oxidera,oxidize
pacificera,pacify
packa,pacify
padda,trip cord
paddla,trip cord
paginera,paginate
paja,do
paketera,do
palla,do
palmera,do
palpera,palpate
panera,bread
panorera,pan
pansra,do
panta,do
para,mate
paradera,do
parafrasera,do
paralysera,paralyze
parametrisera,do
parasitera,cadge
parera,fend off
parka,park
parkera,park
parlamentera,palaver
parlera,do
parodiera,parody
parodisera,spoof sera
parta,spoof sera
partaja,do
participera,do
passa,pass
passera,pass
pastörisera,pass
patentera,pass
patinera,patinate
patrullera,patinate
patta,do
pausa,rest
pausera,pause
paxa,reserve
paya,do
pejla,sound out
peka,point
pela,do
pendla,commute
penetrera,commute
pensera,think
pensionera,think
pensla,think
peppa,pep
peppra,pep
percipiera,do
perforera,perforate
perifrasera,do
permanenta,permanent
permittera,permanent
persiflera,permanent
personifiera,personify
personuppklara,do
persvadera,do
pervertera,pervert
peta,pervert
petrifiera,petrify
photoshoppa,petrify
picknicka,picnic
pierca,do
piffa,dress
pigga,dress
pikera,do
pila,dart
pilla,do
pimpa,pimp
pimpla,tipple
pina,tipple
pingla,tipple
pinka,piss
pinna,piss
pipa,squeak
pippa,do
pirra,do
piruettera,pirouette
piska,whip
pissa,pee
pjaska,do
pjoska,coddle
pjunka,do
pjåka,do
pjåska,do
pjätta,do
placera,place
pladaska,do
pladdra,do
plagiera,plagiarize
plana,plagiarize
planera,plan
planka,plank
planta,plant
plantera,plant
plaska,plant
plasta,wrap
plastbanta,do
platsa,do
platta,do
plira,peer
plissera,pleat
plita,jot
plocka,jot
ploga,plow
plombera,seal
plotta,plot
plugga,study
plumsa,study
plundra,plunder
plurra,plunder
plussa,do
plåga,cause
plåstra,plaster
plåta,plaster
plädera,plead
pläga,wont
plöja,plot
pocka,demand
pointera,do
pokulera,do
pola,do
polarisera,do
polemisera,polemicize
polera,polish
polimasa,do
politisera,do
pollettera,do
pollinera,do
ponera,do
poppa,pop
popularisera,popularize
populera,populate
porla,murmur
porrsurfa,do
porta,port
portionera,portion
porträttera,portrait
posera,pose
positionera,position
posta,post
postdatera,postdate
postera,do
postulera,postulate
potentiera,potentiate
poängsätta,award
poängtera,award
praktikera,swell
praktisera,practice
pranka,do
praoa,do
prassla,do
prata,speak
precisera,specify
predestinera,predestinate
predika,predestinate
preferera,prefer
preja,ram
premeditera,premeditate
premiera,award
prenumerera,subscribe
preparera,prepare
presentera,present
preservera,preserve
presidera,preside
pressa,press
prestera,accomplish
presumera,do
presupponera,do
pretendera,do
pricka av,tick off
pricka,hit
primsigna,do
printa,print
prioritera,prioritise
prisa,praise
prisge,abandon
privatisera,abandon
privilegiera,privilege
probera,privilege
problematisera,privilege
procenta,do
processa,do
producera,do
profanera,profane
profetera,prophesy
profilera,prophesy
profitera,profit
prognosera,profit
prognosticera,prognosticate
prognostisera,profit
programmera,program
projektera,project
projicera,project
proklamera,proclaim
prokrastinera,procrastinate
proletarisera,proletarianise
prolongera,do
promenera,walk
promettera,do
promota,promote
promovera,promote
propagera,promote
proponera,do
propsa,do
prospektera,prospect
prostituera,prostitute
protegera,do
protestera,protest
protokollföra,minute
prova,try on
proviantera,resupply
provocera,provoke
prunka,do
pruppa,do
pruta,haggle
prutta,fart
pryda,fart
prygla,fart
prångla,utter
prägla,speak
pränta,speak
pröjsa,pay
pröva,try
psyka,psych
publicera,publish
pudra,publish
puffa,publish
pulla,finger
pulsa,do
pulsera,pulsate
pultvätta,do
pumpa,pump
punda,do
pungslå,do
punktera,puncture
purgera,do
purkna,do
pusha,push
pussa,kiss
pussas,kiss
pussla,piece
pusta,piece
puta,pad
putsa,improve
putta,putt
puttra,putt
pynta,decorate
pyra,decorate
pysa,decorate
pyssla,decorate
påbjuda,decree
påbörja,begin
pådyvla,impute
pågå,happen
påhitta,do
påminna,remind
påpeka,point out
påpracka,do
påskynda,do
påstå,claim
påta,claim
påtala,claim
påträffa,claim
påverka,influence
påvisa,influence
påyrka,insist upon
pärma,do
pöka,smoosh
pöla,do
pömsa,do
pösa,swell
q-märka,do
quilta,quilt
qvalificera,do
qvarstå,do
qvickna,do
qvida,do
qvittra,do
qväfva,stifle
qvälja,do
rabattera,discount
rabbla,discount
rabulisera,do
racka,do
radera,delete
radiera,radiate
radikalisera,radiate
radotera,do
raffinera,refine
rafistulera,do
ragequitta,do
ragga,do
ragla,do
raisa,raise
raka,shave
raljera,shave
rama in,frame
rama,shave
ramla,fall over
ramma,fall over
ramponera,fall over
ramsa,read a formula
randas,dawn
rangera,dawn
rangordna,rank
ranka,do
rannsaka,examine
ransonera,examine
rapa,burp
rappa,rap
rappellera,rappel clay
rapportera,report
rasa,report
rasera,raze
raska,surprise
raspa,work with a rasp
rassla,surprise
rasta,rest
rata,rest
ratificera,ratify
rationalisera,ratify
ratta,ratify
re-raisa,reraise
rea,sell off
reagera,sell off
realisera,realize
reassurera,reinsure
rebellera,rebel
recedera,do
recensera,review
receptbelägga,make it a prescription drug
recipiera,do
reciprocera,reciprocate
recitera,reciprocate
reda,thicken
redigera,edit
redigeringskriga,edit war
redogöra,account
redovisa,account
reducera,reduce
reengagera,do
reexportera,reexport
referera,refer
reflektera,reflect
reformera,change
refusera,reject
regenerera,regenerate
regera,rule
regissera,direct
registrera,register
regla,bolt
reglementera,register
reglera,settle
regna,rain
rehabilitera,rehabilitate
reinkarnera,reincarnate
reka,do
rekapitulera,do
reklamera,do
rekognoscera,do
rekognosera,reconnoiter
rekommendera,recommend
rekonditionera,recondition
rekonstruera,recondition
rekreera,do
rekrytera,do
rektificera,rectify
rektifiera,rectify
rekvirera,rectify
relatera,relate
relegera,expel
remittera,refer
remontera,refer
remplacera,do
rena,do
rendera,render
rengöra,clean
renovera,clean
rensa,weed
rentvå,whitewash
reorganisera,reorganize
repa upp,unravel
repa,rehearse
reparera,repair
repatriera,repatriate
repellera,repel
repetera,repel
repliera,do
replikera,replicate
repolarisera,repolarize
representera,represent
reproducera,reproduce
reraisa,reraise
resa,raise
reservera,raise
residera,reside
resignera,resign
resocialisera,do
resolvera,resolve
resonera,reason
resorbera,reason
respektera,respect
respirera,respire
respondera,respond
restaurera,respond
restera,be outstanding
restituera,restitute
resultera,result
resumera,summarize
reta,irritate
retablera,do
retaliera,tease ally
retardera,retard
retas,tease
retirera,retreat
returnera,return
retuschera,retouch
reva,retouch
revalvera,retouch
revetera,roughcast
revidera,roughcast
revoltera,revolt
ria,do
ricka,do
rida,ride
rifva,tear
rigga,dress
rikta,straighten
rilla,groove
rimma,groove
ringa,small
ringla,small
rinna,flow
rippa,rip
risa,do
riskera,risk
rispa,risk
rissla,do
rista,carve
rita,draw
ritsa,draw
riva,tear
rivalisera,rival
ro,row
roa,amuse
roama,roam
rocka,rock
rockera,castle
rodna,turn red
roffa,turn red
romandebutera,make debute as a novelist
romantisera,romanticize
ropa in,buy at an auction
ropa,call
rosa,praise
rosta,toast
rota,toast
rotera,rotate
rubba,rot
rubricera,do
ruckla,revel
ruffa,rough
ruinera,ruin
rulla ut,roll out
rulla,scroll
rulta,squab
rumla,carouse
rumstera,rummage
runda,rummage
runga,resound
runka,wank
rupturera,rupture
rusa,skedaddle
rusha,do
ruska,be nasty weather
rusta,equip
ruta,lozenge
rutscha,lozenge
ruttna,rot
ruva,brood
rya,brood
rycka,brood
rygga,flinch
ryka,flinch
rykta,flinch
ryktas,flinch
rymma,take
rymmas,fit
rynka,fit
rysa,fit
ryta,fit
ryttla,hover
rå,do
råda,rule
rådbråka,rule
rådda,rescue
rådslå,counsel
råga,top
råka,rook
råkas,rook
råma,rook
råna,rob
räcka,hand
räda,hand
rädas,fear
rädda,save
räffla,save
räfsa,save
räkna ned,count down
räkna upp,enumerate
räkna ut,calculate
räkna,count on
räknas,do
rämna,count on
ränna,run
räta,straighten
rätta,correct
rättfärdiga,correct
röga,smoke
röja,smoke
röka,smoke
röna,smoke
röntga,smoke
röra,do
rösa,do
rösta,vote
röstskolka,abstain
röta,rot
röva,rot
rövknulla,rot
sabba,hover
sabla,saber
sabotera,hover
sabrera,saber
sacka,saber
sadla,saddle
safta,saddle
sagga,sag
sajna,do
saka,do
sakna,miss
saknas,miss
sakta,do
sala,do
salta,do
salutera,do
samarbeta,collaborate
samexistera,coexist
samka,do
samköra,join
samla,pull together
samlas,mass
sammanbinda,mass
sammanfatta,epitomize
sammanfoga,epitomize
sammanföra,epitomize
sammanjämka,do
sammansluta,associate
sammansätta,do
sammanträda,do
samordna,coordinate
sampla,sample
samsas,sample
samspela,interact
samtala,talk
samtycka,agree
samverka,collaborate
sanda,do
sandpappra,sandpaper
sanera,sanitize
sanforisera,sanforize
sanktionera,sanforize
sansa,sanforize
sarga,sanforize
sarra,spunk
satirisera,satirize
satisfiera,satisfy
satsa,bet
sauvera,do
sava,be in sap
saxa,scissor
schabbla,do
schacka,check
schackmatta,checkmate
schackra,dicker
schamponera,dicker
schappa,take off
schasa,take off
schavottera,do
schematisera,schematize
scrolla,schematize
se efter,check
se ut,look
se,see
seeda,seed
segla,sail
segmentera,sail
segna,sail
segra,win
segregera,segregate
sejda,do
sejva,do
sekularisera,secularize
sekundera,second
selektera,select
semestra,holiday
senarelägga,postpone
sentera,resent
separera,separate
serva,separate
servera,separate
ses,be
sexa,be
shingla,shingle
shoppa,shop
sia,prophesy
sida,face
signa,signal
signalera,signal
signera,sign
sikta,aim
sila,aim
simma,float
simplifiera,simplify
simulera,simplify
sina,dry up
singla,fall slowly
sinka,do
sippa,do
sippra,ooze
sira,ooze
sitta,sit
sjabbla,muff it
sjana,do
sjanghaja,shanghai
sjangsera,do
sjappa,do
sjasa,do
sjava,shuffle
sjuda,seethe
sjukna,sicken
sjukskriva,sicken
sjunga,sing
sjunka,sink
sjåa,do
självantända,ignite
sjösätta,launch
ska,will
skada,do
skadskjuta,do
skaffa,do
skajpa,skype
skaka,shake
skala,peel
skalda,make poetry
skalkas,joke
skalla,joke
skallra,rattle
skamfila,tarnish
skandalisera,scandalize
skandera,chant
skapa,create
skarva,create
skatta,create
skava,create
ske,happen
skeda,spoon
skejta,skate
skela,skate
skena,bolt
skeppa,ship
skeva,shear
skevra,do
skicka,send
skida,ski
skifta,distribute
skifva,do
skikta,layer
skildra,do
skilja,differ
skina,shine
skingra,shine
skinna,fleece
skipa,mete
skippa,skip
skira,sheer
skissa,sketch
skissera,sketch
skita,do
skiva,slice
skjuta,shoot
skjutsa,buss
skjuva,shove
sko,shoe
skohorna,do
skoja,joke
skola,school
skolka,school
skona,spare
skopa,scoop
skorra,spare
skotta,shovel
skrapa,manage
skratta,laugh
skreva,bluster
skrida,stalk
skrifva,write
skrika,shout
skrinlägga,shout
skrinna,do
skritta,do
skriva,write
skrivskydda,write protect
skrocka,write protect
skrodera,brag
skrolla,brag
skrota,potter
skrubba,potter
skruda,garb
skrupensa,do
skruva,do
skrymma,do
skrymta,be a hypocrite
skryta,boast
skråla,bluster
skräckslå,laugh
skräda,laugh
skrälla,laugh
skrämma,frighten
skräna,frighten
skränka,do
skrävla,bluster
skuffa,push
skugga,shadow
skula,do
skulptera,do
skumma,do
skumpa,do
skutta,do
skvallra,gossip
skvalpa,gossip
skvimpa,slop
skvätta,splash
sky,shun
skydda,protect
skyffla,protect
skyla,stook
skyldra,do
skylla,stook
skylta,do
skymfa,do
skymla,do
skymma,obscure
skymta,glimpse
skynda,hurry
skypa,skype
skåda,scrutinize
skåla,toast
skålla,scald
skåra,scald
skäkta,quarrel
skälla,bark
skälva,shake
skämma bort,spoil
skämma,shake
skämmas,be
skämta,joke
skända,joke
skänka,donate
skänkla,do
skära,cut
skärpa,sharpen
skärra,scare
skärskåda,scrutinize
skölda,shield
skölja,rinse
skönja,rinse
skörda,harvest
skörta,do
sköta,manage
sladda,skid
sladdra,skid
slafa,kip
slafsa,lap
slagga,lap
slakna,slacken
slakta,slacken
slampa,slut
slanga,do
slappa,do
slappna,do
slarva,do
slaska,do
slava,do
sleva,gulp down
slicka,lick
slingra,serpentine
slinka,slip
slinta,slide
slipa,slide
slippa,slide
slita,toil
slockna,toil
slopa,abolish
sluddra,waste
sluka,gobble
slumra,gobble
slunga,do
slurfa,do
sluta,shut
slutjustera,stock adjust
slutta,slope
slå hål,hole
slå in,wrap up
slå upp,search for
slå,strike
slånka,slim
slåss,fight
slåtta,fight
släcka,extinguish
slägga,sledgehammer
slänga,do
släntra,loaf
släpa,drag
släppa,release
slöa,laze
slömda,make something unspecified
slösa,waste
smaka,taste
smaksätta,season
smalna,season
smarra,do
smaska,do
smattra,do
smeka,caress
smeta,caress
smickra,caress
smida,caress
smiska,spank
smita,make off
smitta,contaminate
smocka,biff
smuggla,smuggle
smula,shred
smurfa,smurf
smussla,sneak
smutsa,soil
smutskasta,smear
smutta,sip
smycka,adorn
smyga,sneak
smågnola,do
småle,do
småprata,chitchat
småsyssla,do
smäcka,do
smäda,do
smäkta,do
smälla,do
smälta,melt
smärta,pain
smöra,fawn
smörja,fawn
snabba,do
snabbspola,fast forward
snacka,fast forward
snagga,crop
snajpra,do
snappa,snap
snapsa,do
snarka,snore
snaska,snore
snatta,shop steal
snava,stumble
snegla,ogle
snickra,ogle
sniffa,ogle
snika,snicker
snippa,snicker
sno,hurry up
snoka,hurry up
snorta,snort
snubba,do
snubbla,stumble
snudda,stumble
snurra,turn
snusa,turn
snuva,do
snyfta,do
snygga,do
snylta,sponge
snyta,sponge
snåla,economize
snällna,do
snärja,do
snärta,flick
snöa,snow
snöga,do
snöpa,do
snöpula,do
snöra,tie
snörvla,do
socialisera,nationalize
sockra,nationalize
softa,chill
sofva,sleep
sola,sunbathe
solbada,sunbathe
solva,do
solvera,solve
somna in,fall asleep
somna,fall asleep
sona,redeem
sondera,probe
sopa,sweep
sorla,hum
sortera,sort
sota,pay
soulagera,soul act
sova,sleep
sovra,sift
spackla,slurp
spada,slurp
spalta,cleave
spamma,spam
spana,spam
spankulera,spam
spara,save
sparka,fire
specialbehandla,special treat
specialisera,specialize
specificera,specify
speciminera,do
spegla,reflect
speja,reflect
spekulera,speculate
spela in,record
spela roll,matter
spela upp,play
spela,gamble
spendera,spend
spetsa,spike
spika,spike
spilla,spike
spinga,sliver
spinna,spin
spionera,spy
spira,spire
spisa,eat
spjäla,eat
spjärna,resist
splitsa,splice
splittra,split
splittras,shatter
spola,wind
spoliera,spoil
sponsra,sponsor
sponta,tongue
sporra,spur
sporta,spur
spotta,spit
spottloska,spit
spralla,splay
spraya,spray
spreja,spray
spricka,crack
sprida,distribute
springa,run
sprittla,do
spruta,syringe
språka,advocate
spräcka,crack
spränga,bust
sprätta upp,rip up
sprätta,bust
spurta,sprint
spy,cat
spya,cat
spå,mortify
spåna,mortify
spånka,do
spåra,do
spä,do
späcka,lard
späda,dilute
späka,mortify
spänna,mortify
spärra,block
spöa,beat
spöka,haunt
spöregna,pour
spörja,pour
stabilisera,stabilize
stacka,stack
stadfästa,do
stadga,do
staga,brace
stagnera,stagnate
stalla,stall
stamma,stutter
stampa,stutter
standardisera,standardize
stanna,stay
stansa,punch
stapla,punch
starrbliga,do
starta,start
starva,start
statera,can state
stationera,station
statuera,set an
stava,spell
stega,pace
stegla,do
stegra,do
steka,fry
stelna,stiffen
stena,stone
stenbelägga,stone
steppa,stone
stereotypera,stereotype
sterilisera,stereotype
sticka,stick
stickas,stick
stifta,stick
stiga upp,rise
stiga,rise
stigmatisera,stigmatize
stila,flash
stilisera,conventionalize
stilla,still
stillna,simmer
stimma,simmer
stimulera,stimulate
stinga,sting
stinka,stink
stipulera,do
stirra,stare
stiwardshepe,english
stjäla,steal
stjälpa,turn out
stockholmisera,do
stoffera,do
stola,do
stoltsera,brag
stoppa,stop
storhandla,big deal
storkna,big deal
stormtrivas,storm thrive
storsatsa,do
storstäda,do
stortjuta,howl
straffa,punish
straffknulla,do
strala,beam
stranda,beam
streaka,do
streama,stream
strecka,dash
strejka,stream
stressa,hurry under heavy stress
streta,stream
stretcha,stretch
strida,violate
strila,sprinkle
strimla,shred
strimma,shred
strippa,shred
strosa,shred
strukturera,structure
strula,mess
strunta,ignore
stryka,strike
strypa,strangle
stråla,beam
sträcka,beam
sträckläsa,stretch read
stränga,do
sträva,strive
strö,strew
strömma,stream
ströva,stream
studera,study
studsa,bounce
stulta,bounce
stunda,bounce
stupa,do
sturskas,do
stuva,stew
stycka,dismember
stympa,mutilate
styra,steer
styrka,strengthen
styrketräna,strengthen
styvna,stiffen
stå i,stand in
stå upp,stand in
stå,stand
stålsätta,stand
stånda,able
stånga,able
stånka,pant
städa,clean
städja,engage
städsla,do
ställa upp,list
ställa ut,exhibit
ställa,set
stämma,sue
stämpla,stamp
stänga av,shut down
stänga,close
stängsla,fence
stänka,splash
stärka,strengthen
stäva,strengthen
stävja,suppress
stödja,base
stöka,mess
stöna,moan
stöpa,moan
stöppla,do
störa,disturb
störta,throw
störtregna,do
stöta,hit on
stötta,support
subordinera,do
subskribera,subscribe for
substa,do
substituera,do
subtrahera,subtract
subvenera,do
subventionera,subsidize
succedera,do
sucka,sigh
sudda,erase marks from a pencil
suffigera,do
sufflera,do
suga,suck
suggerera,influence
suicidera,do
sula,fit a sole to a
sulagera,sole gera
summera,sum
sumpa,do
supa,binge
supera,sup
superponera,sup
supponera,do
sura,do
surfa,surf
surna,surf
surprenera,do
surra,buzz
susa,whistle
suspendera,suspend
suspicera,do
sussa,do
sutta,do
suturera,suture
svabba,swab
svaja,swab
svalka,swab
svalla,swab
svalna,swab
svamla,waffle
svara,respond
svartarbeta,respond
svartjobba,respond
svartlista,respond
svartna,blacken
svarva,blacken
sveda,singe
svedja,do
svepa,do
sverka,do
svetsa,weld
svetta,do
svettas,sweat
svida,sweat
svika,let down
svikta,waver
svimma,faint
svinga,do
svinna,do
svira,revel
svulla,do
svullna,do
sväfva,hover
svälja,swallow
svälla,swallow
svälta,starve
svämma över,flood
svänga,turn
svära,curse
svärja,swear
svärta,velvet scoter
sväva,hover
sy,sew
syfta,do
syla,do
sylta,preserve
symbolisera,emblematize
sympatisera,emblematize
syna,call
synas,be visible
synda,sin
synka,sync
synkronisera,synchronize
syntetisera,synthesize
syra,do
sysselsätta,employ
syssla,do
systematisera,systematize
så,sow
såga,saw
sålla,saw
såpa,soap
såra,wound
såsa,dawdle
såvera,do
säcka ihop,pack
säg,say
säga,say
säja,say
säkerhetskopiera,say
säkerställa,say
säkra,secure
sälja,sell
sälla,sell
sämjas,do
sända,broadcast
sänka,sink
sära,part
särskilja,part
särskriva,do
sätta i gång,launch
sätta igång,launch
sätta på,turn on
sätta,set
söka,search
söla,search
sömma,search
sörja,grieve
sörpla,slurp
söta,slurp
söva,slurp
ta beslut,take decisions
ta betalt,charge
ta det lugnt,take it easy
ta ut,select
ta,bring
tabba,bring
tacka,thank
tackla,tackle
tadla,do
tafsa,grope
tagga,tag
tajma,time
tala,speak
talka,do
tampas,do
tangentera,key
tangera,touch
tanka,touch
tappa,drop
tarera,tare
tariffera,do
tarva,do
tassa,do
tatuera,tattoo
taxera,do
te,tea
teckna,tea
telefonera,tea
telegrafera,tea
teleportera,teleport
tendera,tend
tenta,tend
tentera,exam
teoretisera,theorize
terra,do
terrassera,terrace
terrorisera,terrorize
testa,test
testamentera,test
tetas,do
texta,subtitle
texturera,texturize
ticka,texturize
tiga,texturize
tigga,beg
tillaga,cook
tillbakavisa,allow
tillbe,worship
tillbedja,worship
tillbringa,spend
tilldela,assign
tillfalla,fall
tillfredsställa,satisfy
tillfriskna,recover
tillfångata,capture
tillfångataga,do
tillföra,do
tillgodogöra,make use of
tillgodoräkna,count
tillgodose,satisfy
tillgängliggöra,make available
tillhandahålla,satisfy
tillhöra,be
tillintetgöra,be
tillkalla,call
tillkomma,come
tillkännage,announce
tillra,roll
tillredslaga,do
tillräkna,count
tillrättavisa,reprove
tillskansa,misappropriate
tillskrifva,attribute
tillskriva,attribute
tillsluta,close
tillspika,spike
tillstå,acknowledge
tillsätta,add
tillta,acknowledge
tilltaga,acknowledge
tilltala,please
tilltrassla,do
tillträda,take possession of
tilltyga,do
tillverka,manufacture
tillvita,white
tillväxa,grow
tillåta,allow
tillägga,add
tillägna,acquire
tillämpa,acquire
tima,do
timra,do
tina,thaw
tindra,thaw
tippa,thaw
tipsa,tip
tissla,tip
titta,look
tittja,do
titulera,address
tjacka,do
tjafsa,bitch
tjalla,snitch
tjata,nag
tjatta,do
tjattra,do
tjockna,thicken
tjollra,ramble
tjura,sulk
tjusa,sulk
tjuta,sulk
tjuvfiska,poach
tjuvkika,poach
tjuvlyssna,poach
tjuvröka,smoke thief
tjuvskjuta,shoot thief
tjuvstarta,head start
tjuvtitta,head start
tjäna,gain
tjänstgöra,gain
tjära,tar
tjöta,do
toffla,head start
tolerera,head start
tolka,interpret
tona,sound
tonsätta,compose
toppa,top
toppera,do
topsa,do
torka,clean
tornera,joust
torpedera,scupper
torrjucka,dry humping
torska,do
tortera,torture
totalförstöra,destroy
tracka,do
tradera,do
trafikera,do
traggla,do
trakassera,harass
trakta,covet
traktera,do
tralla,do
trampa,do
tramsa,fool around
tranchera,do
transa,do
transferera,do
transformera,transform
transitera,transit
transkribera,transcribe
transmittera,transmit
transpirera,transpire
transplantera,transplant
transponera,transpose
transportera,transport
transumera,do
trappa,do
trasa,rag
trassera,draw bills
trassla,draw bills
trava,draw bills
traversera,traverse
travestera,traverse
tredubbla,triple
trefaldiga,triple
tremulera,quaver
trepanera,trepan
treva,trepan
triera,do
trifvas,thrive
trigga,trigger
trilla,trigger
trilskas,trigger
trimma,trigger
trippa,trigger
trippla,triple
tripplera,trip clay
trissa,do
triumfera,do
trivas,get on well
trivialisera,trivialize
trixa,do
tro,do
trolla,do
trollbinda,mesmerize
trolova,mesmerize
troppa,do
trotsa,defy
trubba,tire
truga,tire
trumma,drum
trumpna,glum
trycka,squat
tryffera,garnish with truffles
trygga,secure
tryta,run out
trå,do
tråda,string
tråka ut,bore
tråka,bore
trä,slip
träda,tread
träffa,meet
träffas,meet
träla,toil
träna,train
tränga,train
trängas,throng
träta,throng
tröska,defy
tröskla,do
trösta,console
tröstäta,comfort eating
trötta,tire
tröttna,tire
tudela,bisect
tuffa,tough
tugga,chew
tukta,chew
tullbelägga,do
tulta,toddle
tumla,tumble
tumma,tumble
tunna,barrel
tunnla,tunnel
tura,barrel
turas om,barrel
turista,do
turnera,tour
tuscha,do
tuta,do
tutta,do
tvaga,do
tveka,hesitate
tvina,hesitate
tvinga,force
tvinna,force
tvista,argue
tvittra,do
tvivla,doubt
två,do
tvångla,do
tvångssterilisera,do
tvära,do
tvätta,wash
twerka,twerk
twista,twist
twittra,tweet
ty,do
tya,do
tycka,think
tyckas,think
tyda,indicate
tydliggöra,clarify
tygla,rein
tyka,do
tykännas,do
tyna,languish
tynga,languish
tyrannisera,languish
tysta,silence
tystna,silence
tåga,march
tågluffa,interrail
tåla,bear
tårta,cake
täcka,cover
täckas,do
tälja,carve
tälta,camp
tämja,tame
tända,turn on
tänja,stretch
tänka om,think about
tänka,think
täppa,think
tära,think
tärna,do
täta,do
tätna,become dense
tävla,compete
töa,thaw
tölta,do
tömma,empty
töras,dare
törsta,dare
töva,do
uggla,do
umbära,do
umgås,socialize
umgälla,atone
undanbe,socialize
undanbedja,socialize
undanröja,socialize
undanskymma,socialize
undanstöka,do
undanta,except
underblåsa,do
underbygga,do
underdrifva,do
underdriva,do
underförstå,imply
undergräfva,do
undergräva,undermine
undergå,undergo
underhålla,maintain
underklocka,do
underlåta,facilitate
underlätta,facilitate
underminera,undermine
underordna,subordinate
underprestera,underperform
underrätta,inform
underskatta,inform
understryka,submit
understå,submit
underställa,submit
undersöka,try
underteckna,undersign
undervisa,teach
undervärdera,undervalue
undfå,receive
undfägna,teach
undgå,receive
undkomma,avoid
undra,wonder
undskylla,do
undslippa,let slip
undsätta,rescue
undvara,do without
undvika,avoid
unifiera,unify
unna,allow
uppbevara,do
uppbringa,do
uppdaga,do
uppdatera,update
uppdela,divide
uppdikta,divide
uppegga,incite
uppehålla,incite
uppenbara,reveal
uppfatta,apprehend
uppfinna,invent
uppfodra,do
uppfordra,do
uppfostra,raise
uppfylla,fulfil
uppfölja,follow up
uppföra,behave
uppförstora,exaggerate
uppge,fulfil
uppgifva,give up
uppgradera,upgrade
uppgå,amount
upphandla,procure
upphäva,upgrade
upphöja,raise
upphöra,cease
uppkomma,cease
uppleva,experience
upplysa,experience
upplåta,cease
upplösa,experience
uppmana,request
uppmuntra,pay attention to
uppmärksamma,pay attention to
uppmäta,pay attention to
uppnå,reach
upprepa,repeat
uppräkna,enumerate
upprätta,reach
upprätthålla,reach
uppskatta,appreciate
uppskörta,do
uppslamma,slurry
uppstå,result
uppställa,list
uppsäga,repeat
uppta,occupy
upptaga,receive
uppträda,appear
upptäcka,discover
uppvakta,court
uppvigla,appear
uppvisa,show
uppvärma,appear
urarta,show
urbanisera,show
urgera,show
urholka,show
urinera,urinate
urskilja,distinguish
ursäkta,pardon
urvattna,water down
usurpera,usurp
utandas,usurp
utanordna,do
utarbeta,do
utarma,deplete
utbetala,pay
utbilda,educate
utbjuda,offer
utbreda,educate
utbrista,exclaim
utbyta,educate
utebli,absent
utelämna,leave out
utesluta,expel
utfodra,feed
utforma,design
utforska,explore
utfärda,issue
utföra,export
utge,publish
utgiva,publish
utgå,do
utgöra,constitute
uthyra,endure
uthärda,endure
utklassa,endure
utkomma,appear
utkräva,endure
utlysa,trigger
utlämna,extradite
utlöpa,expire
utlösa,trigger
utmana,provoke
utmanövrera,outmaneuver
utminutera,dispense
utmärka,distinguish
utnyttja,make use of
utnämna,appoint
utplåna,obliterate
utrangera,obliterate
utreda,do
utropa,proclaim
utrota,extinguish
utrusta,determine
utrymma,evacuate
uträtta,do
utröna,determine
utse,appoint
utslockna,go out
utsmycka,embellish
utspela,embellish
utspelas,unfold
utstaka,unfold
utsträcka,extend
utställa,exhibit
utsända,transmit
utsätta,subject
utta,do
uttala,pronounce
uttra,do
uttrycka,phrase
uttyda,phrase
utvandra,emigrate
utveckla,develop
utverka,obtain
utvidga,obtain
utvinna,obtain
utvisa,send off
utvälja,pick
utvärdera,evaluate
utöfva,exert
utöka,exert
utöva,practise
vabba,do
vaccinera,vaccinate
vackla,vaccinate
vada,wade
vaffa,do
vagabondera,vagabondize
vagga,cradle
vaja,cradle
vaka,wake
vakna,awake
vakta,guard
validera,validate
valka,do
valla,ski wax
valna,numb
valpa,whelp
valsa,waltz
vandalisera,vandalize
vandra,wander
vanka,saunter
vanna,tank
vanpryda,disfigure
vanställa,disfigure
vantolka,misinterpret
vantrivas,misinterpret
vanära,waltz
vara,ooze
varda,do
variera,do
varkunna,do
varna,warn
varpa,warp
varsko,admonish
varsla,give notice
varva,give notice
vaska,give notice
vattna,water
vaxa,water
vecka,do
veckla,do
vederbör,concern
vederböra,concern
vederfaras,concern
vederfås,do
vedergälla,retaliate
vederkvicka,refresh
vederlägga,refute
vegetera,vegetate
vekna,vegetate
vela,hesitate
ventilera,ventilate
verba,do
verifiera,verify
verka,have effect
verkställa,have effect
versalisera,do
versifiera,versify
veta,know
vetta,know
veva,know
vibrera,vibrate
vicka,vibrate
vidarebefordra,forward
vidareutveckla,forward
vidga,widen
vidgå,widen
vidhålla,maintain
vidhäfta,adhere
vidimera,maintain
vidlåda,do
vidmakthålla,maintain
vidröra,maintain
vidta,maintain
vidtaga,take
vifta,wag
viga,devote
vigilera,do
vika,fold
vikariera,fold
vikta,do
vila,rest
vilja,will
villa,confuse
villfara,danger
vilseleda,lead astray
vimla,lead astray
vimsa,do
vina,howl
vinda,howl
vindicera,do
vinka,wave
vinkla,wave
vinna,win
vinnlägga,win
vinterrusta,winter equip
vippa,latch
vira,latch
virka,crochet
virra,do
virvla,do
visa,show
visera,show
visitera,frisk
viska,whisper
vispa,whisper
vissla,whistle
vissna,fade
vistas,stay
visualisera,stay
vitalisera,revitalize
vitaminera,do
vitaminisera,vitaminize
vitmena,whitewash
vitna,whiten
vitsa,whiten
vittja,bait
vittna,bait
vittra,wind
vivisekera,do
vobba,do
volta,do
voltigera,do
vomera,vomit
votera,vote
vredga,enrage
vredgas,do
vrenskas,do
vresa,do
vricka,do
vrida,turn
vråla,evert
vräka,evict
vränga,evert
vulkanisera,vulcanize
vurma,vulcanize
vurpa,vulcanize
våga,dare
vågsurfa,do
våldta,rape
våldtaga,rap
vålla,rap
våndas,squirm
våras,last spring
vårda,last spring
väcka,wake
vädja,wake
vädra,air out
väfva,weave
väga,weigh
väggmontera,wall mount
vägleda,wall mount
vägra,refuse to
vägvisa,do
väja,swerve
välja,elect
välkomna,welcome
välla,well
välsigna,bless
välta,knock over
vältra,knock over
välva,knock over
vämjas,loathe
vända,turn
vänja,turn
vänslas,do
vänsterjustera,do
vänsterklicka,do
vänsterprassla,do
vänstra,do
vänta,wait
väpna,arm
värdera,arm
värdes,thee to
värja,do
värka,ache
värma upp,heat
värma,heat
värmebehandla,treat with heat
värna,heat
värpa,heat
värva,heat
väsa,heat
väsnas,make a noise
vässa,sharpen
väta,wet
väva,weave
växa,grow
växla,change
waila,do
wallraffa,do
warda,do
wika,do
wikifiera,wikify
wikilänka,wiki link
wipea,do
wobbla,wobble
woka,stirfry
yla,stirfry
ympa,graft
yngla,graft
ynka,do
yoloa,do
yppa,do
yra,rave
yrka,urge
ysta,urge
yttra,utter
yvas,utter
yxa,axe
zappa,zap
zippa,zip
zlatanera,zip
zombifiera,zombify
zooma,zoom
åberopa,refer to
ådagalägga,evince
åderlåta,drain the
ådra,drain the
ådraga,incur
åhöra,do
åka,go
åkalla,go
åklaga,prosecute
åla,go
åldras,age
åligga,age
ålägga,go
åma,do
ånga,steam
ångra,undo
åsamka,cause
åse,witness
åsiktsregistrera,register opinions
åska,thunder
åskåda,view
åskådliggöra,visualize
åstadkomma,do
åstunda,do
åsyfta,do
åsämja,do
åta,commit
åtaga,undertake
åtala,undertake
åteckna,do
återanvända,reuse
återbesöka,revisit
återbörda,do
återerövra,do
återfinna,regain
återfå,regain
återförenas,do
återförsäkra,reinsure
återge,reciprocate
återgiva,reproduce
återgå,reciprocate
återgälda,reciprocate
återhämta,recover
återhöja,reraise
återinföra,reintroduce
återkalla,recall
återkomma,return
återlämna,return
återse,return
återskapa,return
återspegla,return
återstå,remain
återställa,restore
återsända,return
återta,recover
återtaga,take back
återuppbygga,reconstruct
återuppleva,relive
återuppstå,do
återuppta,resume
återupptäcka,do
återutge,republish
återvandra,repatriate
återvinna,regain
återvända,return
åtfölja,regain
åtgå,be consumed
åtgärda,fix
åtla,do
åtnjuta,enjoy
åtra,do
åtrå,desire
åtskilja,desire
åvila,do
åvägabringa,bring about
äckla,disgust
äga rum,take place
äga,own
ägna,own
äkta,marry
älga,do
älska,make love
älta,dwell on
ämna,intend
ända,do
ändra,change
äntra,do
ära,glory
ärna,do
ärva,inherit
äska,do
äta upp,eat up
äta,eat
äventyra,endanger
ävlas,strive
öda,waste
ödelägga,devastate
ödmjuka,devastate
ödsla,waste
öfverdrifva,exaggerate
öfvergifva,forsake
öfvergå,surpass
ögla,forsake
ögna,forsake
öka,increase
öla,do
ömka,do
ömma,do
ömsa,shed
önska,wish
öppna,open
örfila,open
öronmärka,earmark
ösa,pour
ösregna,pour
öva,practise
överanstränga,practise
överantvarda,do
överbelasta,overload
överblicka,overload
överbrygga,bridge
överdimensionera,bridge
överdosera,bridge
överdriva,exaggerate
överenskomma,agree
överensstämma,exaggerate
överfalla,attack
överflygla,outflank
överföra,transfer
överge,leave
övergiva,forsake
övergå,transfer
överila,forsake
överklaga,appeal
överklocka,overclock
överlappa,overlap
överlasta,overlap
överleva,survive
överlåta,hand over
överlägga,consult
överlämna,hand over
övernatta,sleep over
överraska,surprise
överrumpla,surprise
överräcka,surprise
överrösta,surprise
överse,overlook
överskatta,overestimate
överskrida,exceed
överskugga,overshadow
överstiga,exceed
överstå,top
översvämma,flood
översätta,translate
överta,exceed
övertala,do
övertrassera,overdraw
överträda,transgress
överträffa,surpass
övertyga,persuade
övertäcka,do
övervaka,supervise
övervara,attend
övervinna,overvalue
övervintra,overvalue
överväga,outweigh
överväldiga,overwhelm
övervärdera,overvalue
överösa,sleep over
övningsköra,overvalue